<?xml version="1.0" encoding="UTF-8"?>
<mule xmlns:cors="http://www.mulesoft.org/schema/mule/cors" xmlns:doc="http://www.mulesoft.org/schema/mule/documentation" xmlns="http://www.mulesoft.org/schema/mule/core" xmlns:apikit="http://www.mulesoft.org/schema/mule/apikit" xmlns:http="http://www.mulesoft.org/schema/mule/http" xmlns:spring="http://www.springframework.org/schema/beans" xmlns:xsi="http://www.w3.org/2001/XMLSchema-instance" xsi:schemaLocation="http://www.mulesoft.org/schema/mule/core http://www.mulesoft.org/schema/mule/core/current/mule.xsd
http://www.mulesoft.org/schema/mule/http http://www.mulesoft.org/schema/mule/http/current/mule-http.xsd
http://www.mulesoft.org/schema/mule/apikit http://www.mulesoft.org/schema/mule/apikit/current/mule-apikit.xsd
http://www.springframework.org/schema/beans http://www.springframework.org/schema/beans/spring-beans-3.1.xsd
http://www.mulesoft.org/schema/mule/cors http://www.mulesoft.org/schema/mule/cors/current/mule-cors.xsd">
    <http:listener-config name="HTTP_Listener_Configuration" host="0.0.0.0" port="${http.port}" doc:name="HTTP Listener Configuration"/>
    
    
    <flow name="api-main">
        <http:listener config-ref="HTTP_Listener_Configuration" path="${http.path}/exp/*" doc:name="HTTP"/>
     	<http:basic-security-filter realm="Enter valide user credentials to access the web service" securityProviders="memory-provider" doc:name="ValidateRequest" />
        <apikit:router config-ref="api-config" doc:name="APIkit Router"/>
        <exception-strategy ref="api-apiKitGlobalExceptionMapping" doc:name="Reference Exception Strategy"/>
    </flow>

    <apikit:mapping-exception-strategy name="api-apiKitGlobalExceptionMapping">
        <apikit:mapping statusCode="401">
            <apikit:exception value="org.springframework.security.authentication.BadCredentialsException" />
            <apikit:exception value="org.mule.api.security.UnauthorisedException" />
            <set-property propertyName="Content-Type" value="application/json" doc:name="Property" />
            <expression-component doc:name="Set Error Var"><![CDATA[flowVars.status = "failure"; 
flowVars.errorCode = "401";
flowVars.errorType = "Authentication Failed";
flowVars.errorMessage = "Bad credentials";]]></expression-component>
            <flow-ref name="globalSub_Flow" doc:name="globalSub_Flow" />
        </apikit:mapping>
        <apikit:mapping statusCode="404">
            <apikit:exception value="org.mule.module.apikit.exception.NotFoundException" />
            <set-property propertyName="Content-Type" value="application/json" doc:name="Property" />
            <expression-component doc:name="Set Error Var"><![CDATA[flowVars.status = "failure"; 
flowVars.errorCode = "404";
flowVars.errorType = "Resource not found";
flowVars.errorMessage = "Resource not found";]]></expression-component>
            <flow-ref name="globalSub_Flow" doc:name="globalSub_Flow" />
        </apikit:mapping>
        <apikit:mapping statusCode="405">
            <apikit:exception value="org.mule.module.apikit.exception.MethodNotAllowedException" />
            <set-property propertyName="Content-Type" value="application/json" doc:name="Property" />
            <expression-component doc:name="Set Error Var"><![CDATA[flowVars.status = "failure"; 
flowVars.errorCode = "405";
flowVars.errorType = "Method not allowed";
flowVars.errorMessage = "Method not allowed";]]></expression-component>
            <flow-ref name="globalSub_Flow" doc:name="globalSub_Flow" />
        </apikit:mapping>
        <apikit:mapping statusCode="415">
            <apikit:exception value="org.mule.module.apikit.exception.UnsupportedMediaTypeException" />
            <set-property propertyName="Content-Type" value="application/json" doc:name="Property" />
            <expression-component doc:name="Set Error Var"><![CDATA[flowVars.status = "failure"; 
flowVars.errorCode = "415";
flowVars.errorType = "Unsupported media type";
flowVars.errorMessage = "Unsupported media type";]]></expression-component>
            <flow-ref name="globalSub_Flow" doc:name="globalSub_Flow" />
        </apikit:mapping>
        <apikit:mapping statusCode="406">
            <apikit:exception value="org.mule.module.apikit.exception.NotAcceptableException" />
            <set-property propertyName="Content-Type" value="application/json" doc:name="Property" />
            <expression-component doc:name="Set Error Var"><![CDATA[flowVars.status = "failure"; 
flowVars.errorCode = "406";
flowVars.errorType = "Not acceptable";
flowVars.errorMessage = "Not acceptable";]]></expression-component>
            <flow-ref name="globalSub_Flow" doc:name="globalSub_Flow" />
        </apikit:mapping>
        <apikit:mapping statusCode="400">
            <apikit:exception value="org.mule.module.apikit.exception.BadRequestException" />
            <set-property propertyName="Content-Type" value="application/json" doc:name="Property" />
            <expression-component doc:name="Set Error Var"><![CDATA[flowVars.status = "failure"; 
flowVars.errorCode = "400";
flowVars.errorType = "Bad Request";
flowVars.errorMessage = "Bad Request" + exception.cause.toString().replace("org.mule.module.apikit.exception.BadRequestException: Error validating JSON. Error:", "");]]></expression-component>
            <flow-ref name="globalSub_Flow" doc:name="globalSub_Flow" />
        </apikit:mapping>
    </apikit:mapping-exception-strategy>
</mule>
